,A,B,C,D
2000-01-01 00:00:00,0.432081315,-1.238142813,-0.734373442,0.680912098
2000-01-02 00:00:00,-1.684788951,-2.12611748,0.15225758,0.878400153
2000-01-03 00:00:00,-1.326970753,-1.755631803,0.587632897,1.947970365
2000-01-04 00:00:00,-1.175892759,-1.600661486,-2.580084278,1.289004095
2000-01-05 00:00:00,-0.645290923,-2.081050883,-1.921924142,0.01310757
2000-01-06 00:00:00,0.325653153,-2.276881669,-1.891153208,1.402565296
2000-01-07 00:00:00,0.089216464,-2.514788938,-2.722839246,2.119200351
2000-01-08 00:00:00,2.029916101,-3.76920891,-2.926168474,1.58693435
2000-01-09 00:00:00,1.043193406,-2.42373504,-3.111930378,2.393609543
2000-01-10 00:00:00,-0.069386373,-3.947218142,-2.291414424,2.458653812
2000-01-11 00:00:00,-1.915375268,-4.511836869,-1.729032906,3.410546819
2000-01-12 00:00:00,-1.198434846,-3.76340136,-2.131669567,2.175465939
2000-01-13 00:00:00,-2.768009452,-4.202070227,-4.079016947,2.068395907
2000-01-14 00:00:00,-2.508581584,-4.239736657,-4.885131688,1.891683227
2000-01-15 00:00:00,-2.306216315,-4.057189313,-4.373589415,3.151798357
2000-01-16 00:00:00,-2.474568523,-2.949000455,-5.740287995,1.271613482
2000-01-17 00:00:00,-3.058234921,-4.380893875,-5.869341732,2.744164952
2000-01-18 00:00:00,-4.047740487,-3.609845846,-6.054732726,1.69869374
2000-01-19 00:00:00,-3.005647672,-3.681429025,-6.779130935,0.695127088
2000-01-20 00:00:00,-2.48376902,-3.225081455,-6.323805939,1.509770594
2000-01-21 00:00:00,-0.720940342,-3.292704847,-7.376663385,2.278783796
2000-01-22 00:00:00,0.779090686,-3.880482436,-6.589834913,3.037217016
2000-01-23 00:00:00,-0.972085615,-1.994084794,-6.57976209,3.668628769
2000-01-24 00:00:00,-0.07305956,-2.058896018,-7.835993936,2.972492985
2000-01-25 00:00:00,0.494893319,-0.743585594,-8.541000861,1.704081823
2000-01-26 00:00:00,2.766409122,-0.285040333,-8.267634292,2.648856959
2000-01-27 00:00:00,2.176554131,1.123381595,-7.852179722,2.541521366
2000-01-28 00:00:00,3.843763614,-0.001737864,-7.811001833,3.562765949
2000-01-29 00:00:00,5.279774415,-0.345387876,-7.689317747,2.669173415
2000-01-30 00:00:00,6.993986335,-0.280369194,-6.741886743,2.397324912
2000-01-31 00:00:00,6.61702825,1.475303519,-7.699096824,2.830140552
2000-02-01 00:00:00,6.630399683,2.260440592,-7.652894852,4.017411758
2000-02-02 00:00:00,6.53602632,3.102744932,-7.42931296,4.903216789
2000-02-03 00:00:00,6.66644127,2.454706293,-8.269092444,5.259998476
2000-02-04 00:00:00,7.057215223,1.568074657,-9.649658102,7.076028741
2000-02-05 00:00:00,7.773988368,1.560810328,-9.796553521,5.337979974
2000-02-06 00:00:00,6.009664209,1.443620762,-9.728942528,3.937601683
2000-02-07 00:00:00,6.001637241,0.723293106,-10.03012085,4.175759392
2000-02-08 00:00:00,4.0173556,1.353009065,-12.04044163,5.139035529
2000-02-09 00:00:00,5.484082105,0.332460846,-12.71259771,5.413634142
2000-02-10 00:00:00,5.735869213,-0.084926314,-11.83156565,5.791097544
2000-02-11 00:00:00,5.421653587,0.258111275,-11.2878547,4.39304905
2000-02-12 00:00:00,6.21574372,-0.338480345,-11.36048127,5.530647613
2000-02-13 00:00:00,4.925785152,-0.205527302,-10.87284189,5.546061132
2000-02-14 00:00:00,5.635858736,-0.658432541,-10.88958037,6.847299168
2000-02-15 00:00:00,5.736633264,-1.191565682,-10.72835733,6.540250205
2000-02-16 00:00:00,4.582311351,-1.869775263,-10.53308314,5.328534793
2000-02-17 00:00:00,3.009321695,-1.847697074,-12.03541933,4.902018771
2000-02-18 00:00:00,0.637797033,-0.518712633,-12.88872588,5.651826547
2000-02-19 00:00:00,-1.407988356,-0.081946954,-13.08923842,7.279793342
2000-02-20 00:00:00,-0.448771332,0.52085799,-13.15632738,7.462809948
2000-02-21 00:00:00,-1.535508898,-0.178672347,-14.20787013,8.497603786
2000-02-22 00:00:00,-1.995605772,-1.341304371,-13.49288055,9.530165428
2000-02-23 00:00:00,-3.509690979,0.690992168,-15.16384937,10.13618883
2000-02-24 00:00:00,-3.672726964,2.884047237,-15.80988627,10.64347675
2000-02-25 00:00:00,-4.808972063,3.823317469,-15.43838004,10.18192403
2000-02-26 00:00:00,-5.558482493,6.607630513,-17.16122293,10.53954052
2000-02-27 00:00:00,-6.309050492,7.105732861,-17.04435633,11.14637461
2000-02-28 00:00:00,-6.607858893,7.523924466,-15.99379342,9.95717208
2000-02-29 00:00:00,-7.275399962,8.129949275,-16.21394001,11.31972339
2000-03-01 00:00:00,-5.565429242,9.117232856,-12.83880043,12.0017903
2000-03-02 00:00:00,-4.827072746,8.815279709,-12.34538345,11.60190292
2000-03-03 00:00:00,-2.708416224,8.554304484,-12.25930062,11.25784019
2000-03-04 00:00:00,-2.85131612,8.144964402,-11.64371788,11.70156002
2000-03-05 00:00:00,-1.821629566,8.32019515,-12.3661574,12.36652366
2000-03-06 00:00:00,-2.25958512,7.40852162,-12.44820826,12.1215274
2000-03-07 00:00:00,-2.958255919,7.844879162,-12.1330907,12.48582236
2000-03-08 00:00:00,-2.699070239,7.839214128,-12.39842329,12.26451629
2000-03-09 00:00:00,-2.651648708,5.90397782,-11.45389286,10.82288961
2000-03-10 00:00:00,-1.415429141,5.079125429,-12.26504112,9.979065145
2000-03-11 00:00:00,-1.373712524,6.282514292,-11.77111253,12.04312017
2000-03-12 00:00:00,-1.492905028,6.267282858,-14.15748168,12.85396099
2000-03-13 00:00:00,-1.833412539,4.529129296,-14.58774546,13.02851069
2000-03-14 00:00:00,-1.659025853,3.838911878,-14.24172163,13.67848944
2000-03-15 00:00:00,-1.772010157,3.174982526,-13.06725014,14.00165401
2000-03-16 00:00:00,-2.208730111,4.041283854,-13.03142078,15.70074651
2000-03-17 00:00:00,-2.71347788,3.753046264,-12.66334462,17.74509263
2000-03-18 00:00:00,-2.581695347,4.073841598,-12.39431252,18.45585551
2000-03-19 00:00:00,-1.579460415,5.025229199,-12.30368133,18.17273607
2000-03-20 00:00:00,-0.573065236,4.748075948,-12.7400647,18.30640929
2000-03-21 00:00:00,-1.364400834,3.887797717,-13.54272245,18.14488405
2000-03-22 00:00:00,-1.214381297,2.040595658,-14.52873142,17.4020308
2000-03-23 00:00:00,-0.12817196,3.243666636,-14.63352292,17.71654049
2000-03-24 00:00:00,-0.94164789,3.798993598,-14.88962448,18.26708595
2000-03-25 00:00:00,0.148495666,0.550709622,-15.65917709,17.83266115
2000-03-26 00:00:00,-0.073175347,0.03924718,-14.99524896,17.419125
2000-03-27 00:00:00,-0.447875822,-2.213815634,-15.14011292,17.09103201
2000-03-28 00:00:00,0.068467775,-3.640524406,-15.40943784,15.87126456
2000-03-29 00:00:00,0.080711009,-3.772450137,-13.8570969,15.87272307
2000-03-30 00:00:00,0.10625085,-3.026461523,-11.52550468,14.20331095
2000-03-31 00:00:00,-0.406666969,-4.255073199,-12.36481644,11.84127709
2000-04-01 00:00:00,0.381351284,-5.121521481,-11.57245584,11.82473104
2000-04-02 00:00:00,0.767963408,-3.21724079,-10.96192928,12.18147236
2000-04-03 00:00:00,1.652623066,-3.209575529,-10.90370656,12.66912195
2000-04-04 00:00:00,0.258796784,-2.870712127,-11.86897913,11.95097737
2000-04-05 00:00:00,0.635797334,-3.375250513,-10.77544854,12.27735526
2000-04-06 00:00:00,1.26427481,-3.848249659,-11.30623751,12.28872307
2000-04-07 00:00:00,1.042145565,-5.619469319,-11.73730704,9.684565293
2000-04-08 00:00:00,2.881628927,-5.697761278,-10.66255491,9.553847791
2000-04-09 00:00:00,4.471777527,-4.012571569,-9.886611403,9.423254557
2000-04-10 00:00:00,5.197421696,-5.298829927,-8.873131357,10.20196016
2000-04-11 00:00:00,5.225768724,-3.741603623,-8.897950342,8.849711308
2000-04-12 00:00:00,7.513634332,-5.581518172,-9.607032721,9.186837147
2000-04-13 00:00:00,8.623488797,-4.841929509,-8.710580236,9.62203186
2000-04-14 00:00:00,7.646936212,-4.06547341,-6.431529982,9.832147512
2000-04-15 00:00:00,8.984623763,-6.552106488,-6.696415606,10.63640411
2000-04-16 00:00:00,8.520783689,-8.854972274,-6.279921351,10.72666447
2000-04-17 00:00:00,8.227785832,-10.02945385,-4.224911363,10.63030826
2000-04-18 00:00:00,8.815571922,-10.62903203,-4.066865026,9.684753945
2000-04-19 00:00:00,6.251008223,-11.46970796,-4.673861352,9.163006752
2000-04-20 00:00:00,6.95608014,-12.14033423,-5.65541251,10.00424015
2000-04-21 00:00:00,7.704526886,-11.38901024,-6.345338583,10.44825695
2000-04-22 00:00:00,5.667483403,-9.4515902,-6.236884162,11.49496573
2000-04-23 00:00:00,6.058440835,-8.116381921,-5.811690955,10.32512702
2000-04-24 00:00:00,6.458982721,-7.254544593,-6.26917506,10.94321461
2000-04-25 00:00:00,7.121019419,-4.940473858,-7.180134784,11.1144087
2000-04-26 00:00:00,8.431906976,-5.001300079,-8.847129373,12.1764291
2000-04-27 00:00:00,9.69419303,-3.815206097,-8.925582485,10.94916784
2000-04-28 00:00:00,8.723894507,-3.301839923,-9.705511766,10.10471562
2000-04-29 00:00:00,6.79041099,-2.514191734,-9.491767276,9.872287832
2000-04-30 00:00:00,6.431593402,-2.701257104,-11.38203066,10.43351067
2000-05-01 00:00:00,5.330210796,-3.172170746,-12.66277647,10.36735276
2000-05-02 00:00:00,4.335930183,-3.495288643,-13.17556387,9.702151067
2000-05-03 00:00:00,4.79758717,-5.437286484,-14.04086838,10.18349499
2000-05-04 00:00:00,5.583535855,-6.176805086,-14.91220713,10.7824355
2000-05-05 00:00:00,5.541999648,-5.46641196,-15.01891707,10.45687069
2000-05-06 00:00:00,6.28016369,-6.861794701,-14.57738989,11.48868069
2000-05-07 00:00:00,5.177349881,-6.536098891,-14.34319057,13.29102653
2000-05-08 00:00:00,5.988974297,-7.458686811,-13.04997116,12.48208651
2000-05-09 00:00:00,5.821269797,-5.860621617,-13.72905573,12.85025399
2000-05-10 00:00:00,5.57611878,-5.315931937,-14.07060457,13.45988999
2000-05-11 00:00:00,6.531234519,-5.317448435,-13.33513564,14.57295985
2000-05-12 00:00:00,6.786472333,-6.401387611,-11.99717599,15.08832652
2000-05-13 00:00:00,7.455587982,-5.715503,-11.72243256,14.99750509
2000-05-14 00:00:00,7.199610287,-6.129603421,-11.52955083,15.37335757
2000-05-15 00:00:00,8.59569262,-6.166643945,-12.93901712,16.30034072
2000-05-16 00:00:00,7.849422859,-4.937198192,-12.35421073,14.20023161
2000-05-17 00:00:00,7.670774605,-5.17443464,-10.78021612,13.32147214
2000-05-18 00:00:00,7.647009841,-5.850081772,-9.030395828,12.05002061
2000-05-19 00:00:00,7.917902033,-4.370771671,-7.968846074,11.58108959
2000-05-20 00:00:00,8.908968812,-4.668824715,-7.92917328,10.65335961
2000-05-21 00:00:00,9.067684562,-3.92513527,-8.044694849,10.27351252
2000-05-22 00:00:00,9.269065948,-2.52466656,-7.155986334,9.734425201
2000-05-23 00:00:00,9.348946856,-0.539034327,-6.60148747,9.422640437
2000-05-24 00:00:00,8.40301177,0.10700656,-5.638935606,7.983531494
2000-05-25 00:00:00,7.291923259,0.433516439,-7.199948746,9.105736576
2000-05-26 00:00:00,8.40823143,1.141108997,-5.940426208,7.410127424
2000-05-27 00:00:00,8.564735236,1.276402867,-6.078689299,7.957119003
2000-05-28 00:00:00,7.711687083,1.066327085,-5.941740283,8.627128099
2000-05-29 00:00:00,8.543507546,0.825324267,-5.217055498,9.021391749
2000-05-30 00:00:00,8.643529834,1.199728739,-5.702287765,8.839619762
2000-05-31 00:00:00,6.813185988,0.365539578,-5.379699073,9.96995449
2000-06-01 00:00:00,6.486344808,1.110435043,-5.330564787,10.02047461
2000-06-02 00:00:00,4.995437652,1.202270532,-3.713324665,8.667475825
2000-06-03 00:00:00,4.634804543,2.350581252,-3.518740107,8.162615211
2000-06-04 00:00:00,4.680480532,2.633783484,-3.25349507,8.292371696
2000-06-05 00:00:00,4.123113936,1.907443632,-1.111627494,9.714876595
2000-06-06 00:00:00,3.279752726,2.187623788,-2.737904668,8.691414969
2000-06-07 00:00:00,3.763240173,1.798746268,-3.475199471,7.893631494
2000-06-08 00:00:00,3.13657031,1.671328192,-2.963608378,7.643110585
2000-06-09 00:00:00,3.229007782,0.683060849,-3.580472001,7.490803437
2000-06-10 00:00:00,4.141483336,0.55243997,-4.655610859,6.871730992
2000-06-11 00:00:00,3.940747387,1.756817385,-3.816781016,5.364303375
2000-06-12 00:00:00,6.309895923,2.826196235,-2.449197784,5.800318907
2000-06-13 00:00:00,7.033626333,1.816121899,-2.907168346,6.61181738
2000-06-14 00:00:00,7.845944652,2.518405114,-1.904495258,6.231380875
2000-06-15 00:00:00,7.511438963,1.733343836,-2.190933508,6.237069028
2000-06-16 00:00:00,8.478389361,0.832506709,-0.968038806,7.133251743
2000-06-17 00:00:00,9.520790749,1.271759531,-0.469237405,6.968028979
2000-06-18 00:00:00,10.77610893,0.962742661,-1.041665537,8.414102007
2000-06-19 00:00:00,10.05267291,-0.0262713,1.193372178,8.66849224
2000-06-20 00:00:00,8.894162905,1.440100326,1.71714746,8.118085455
2000-06-21 00:00:00,8.699526521,3.567353835,0.48611964,6.675633443
2000-06-22 00:00:00,7.753326995,3.012380677,0.714770807,6.695126282
2000-06-23 00:00:00,7.886051084,3.547565075,0.386837821,6.435867271
2000-06-24 00:00:00,8.820648175,3.300438032,0.501814932,4.669026394
2000-06-25 00:00:00,9.592086648,2.682526097,-1.769705931,5.960256275
2000-06-26 00:00:00,10.63789646,3.609021048,-0.815145555,5.063236069
2000-06-27 00:00:00,10.12092426,4.428943559,-0.297041376,5.771700219
2000-06-28 00:00:00,12.64275049,6.229916377,0.88380852,4.177263479
2000-06-29 00:00:00,12.92063467,6.490913264,0.297469668,1.611866189
2000-06-30 00:00:00,13.43576719,8.165088779,0.251780261,2.002493068
2000-07-01 00:00:00,14.50715708,6.440708373,-1.15981542,1.818254792
2000-07-02 00:00:00,14.26200424,6.35069057,-0.529992611,2.470318436
2000-07-03 00:00:00,14.58960744,5.714868088,-1.318266113,2.054068309
2000-07-04 00:00:00,15.21130508,4.045833615,-2.396035745,1.120787427
2000-07-05 00:00:00,15.3444493,3.341968134,-2.286462837,1.536210472
2000-07-06 00:00:00,16.13465451,3.27373614,-1.250835368,-0.550824839
2000-07-07 00:00:00,17.10916445,2.605854117,-2.922311926,-1.773235219
2000-07-08 00:00:00,17.59689382,4.664529906,-3.17629136,-1.861253821
2000-07-09 00:00:00,18.83200471,5.820165017,-3.70337886,-1.249702644
2000-07-10 00:00:00,16.93439716,7.668995773,-2.196256667,-0.158655851
2000-07-11 00:00:00,16.91540374,7.310299233,-1.993160434,-0.396368284
2000-07-12 00:00:00,17.2878745,8.738112049,-0.492335855,-0.732983846
2000-07-13 00:00:00,17.33563316,8.817378568,-0.540100468,-1.258085631
2000-07-14 00:00:00,17.0236902,10.25254225,-0.254036107,-0.074848936
2000-07-15 00:00:00,18.21077407,10.86662038,-1.103354414,1.065042089
2000-07-16 00:00:00,17.71047531,10.70139121,-1.686298944,2.270471407
2000-07-17 00:00:00,19.16013969,11.10337024,-1.057588912,2.825586612
2000-07-18 00:00:00,19.2474299,11.82427233,-1.25607356,2.429767474
2000-07-19 00:00:00,20.24375513,13.13195272,-0.179321165,2.255694569
2000-07-20 00:00:00,19.16554331,12.62329071,-0.784466129,1.756583114
2000-07-21 00:00:00,20.42018902,12.61103144,-2.578392564,2.438221136
2000-07-22 00:00:00,21.26086487,10.43226484,-2.340382449,2.037605095
2000-07-23 00:00:00,22.52248346,12.42440681,-2.817332239,1.225461048
2000-07-24 00:00:00,21.5359662,12.61143109,-1.987402669,1.960476753
2000-07-25 00:00:00,21.31453435,11.12219978,-2.228542465,1.994523995
2000-07-26 00:00:00,22.18049245,11.73190826,0.555199984,0.713830092
2000-07-27 00:00:00,23.15977619,9.978417222,1.301173465,-0.017765413
2000-07-28 00:00:00,23.43047778,9.551656684,1.935814918,-1.354959314
2000-07-29 00:00:00,23.54848143,11.4841194,1.150459044,-1.488414351
2000-07-30 00:00:00,22.94411598,11.71846265,2.410819623,-2.905219701
2000-07-31 00:00:00,23.4760152,11.51116956,2.999344283,-2.37484463
2000-08-01 00:00:00,22.32838962,10.54629466,1.988132661,-2.288440744
2000-08-02 00:00:00,22.31970358,11.25661069,1.757871231,-1.396113783
2000-08-03 00:00:00,21.215599,11.52953736,2.81407456,-1.138411218
2000-08-04 00:00:00,20.17426065,11.508195,2.340117038,-1.203422006
2000-08-05 00:00:00,20.50135436,11.74556531,3.23114642,-0.327171193
2000-08-06 00:00:00,21.04285015,12.37525223,3.710906904,-1.781875467
2000-08-07 00:00:00,20.5363802,11.83592469,4.732146573,-2.295573341
2000-08-08 00:00:00,22.47657371,12.57425849,5.345030115,-2.368105021
2000-08-09 00:00:00,23.89348139,13.83612049,4.63442361,-2.047743433
2000-08-10 00:00:00,24.55676292,11.8001504,4.712041505,-2.912287371
2000-08-11 00:00:00,24.59084298,11.69524941,4.919523042,-2.095921262
2000-08-12 00:00:00,22.88195172,12.3324254,5.420208054,-2.131464637
2000-08-13 00:00:00,22.13881174,13.09691152,6.217038924,-1.473648358
2000-08-14 00:00:00,21.42704418,14.3544601,5.683930311,-2.668809434
2000-08-15 00:00:00,21.41313063,14.77080007,4.853571206,-3.353678635
2000-08-16 00:00:00,20.262321,14.29413349,4.504320553,-1.782698301
2000-08-17 00:00:00,19.78944629,14.75919489,4.929087006,-2.232612611
2000-08-18 00:00:00,20.65794475,13.91339408,5.690807883,-3.952068417
2000-08-19 00:00:00,19.30946314,14.750476,3.94511084,-4.795565851
2000-08-20 00:00:00,20.50373664,14.99737907,3.657323788,-5.587364338
2000-08-21 00:00:00,21.2104985,16.92580176,4.258897233,-5.798469648
2000-08-22 00:00:00,23.05195926,16.82018024,4.768427341,-4.910897316
2000-08-23 00:00:00,23.99025751,18.00950746,5.237643192,-3.955522629
2000-08-24 00:00:00,24.44385329,18.69979022,3.714346381,-3.957020654
2000-08-25 00:00:00,25.98950281,20.29764068,3.131812561,-3.617928446
2000-08-26 00:00:00,26.33421166,19.95374042,2.939287437,-3.939715269
2000-08-27 00:00:00,25.81019727,21.74315656,1.07934864,-3.080762494
2000-08-28 00:00:00,24.97505094,22.58425226,1.934420488,-2.097160274
2000-08-29 00:00:00,22.69696447,22.62564078,3.145636651,-1.833668384
2000-08-30 00:00:00,22.83396438,22.5318826,2.654825634,-1.833403554
2000-08-31 00:00:00,22.9302782,23.65580842,1.617253543,-3.184004078
2000-09-01 00:00:00,22.81136526,24.88624938,2.081299251,-2.403342987
2000-09-02 00:00:00,22.82538308,25.23259522,0.167456478,-2.418220137
2000-09-03 00:00:00,22.44041795,26.28890852,1.087206899,-1.191743014
2000-09-04 00:00:00,21.21760636,24.99987515,1.882118832,-1.973476094
2000-09-05 00:00:00,20.99972505,25.65935911,0.236444398,-1.287232859
2000-09-06 00:00:00,22.59171817,24.41507337,-0.876532324,-1.929703341
2000-09-07 00:00:00,21.48081084,24.19057819,0.410288821,-4.067497188
2000-09-08 00:00:00,22.55462863,23.35945278,-0.334150882,-3.624273921
2000-09-09 00:00:00,21.38035402,22.61695378,0.047564476,-4.938476732
2000-09-10 00:00:00,21.60660413,23.03308342,-0.999990293,-6.081326058
2000-09-11 00:00:00,23.7007638,22.6440156,-0.089478752,-6.589772893
2000-09-12 00:00:00,23.14136605,22.24125934,0.558626319,-8.003390482
2000-09-13 00:00:00,25.06492942,23.4324427,1.31567715,-7.388555769
2000-09-14 00:00:00,24.44018208,24.33912001,0.527458363,-7.650277551
2000-09-15 00:00:00,25.19918681,23.65912956,-0.218470145,-7.389049884
2000-09-16 00:00:00,27.56600565,22.48842688,-1.906273338,-6.551561406
2000-09-17 00:00:00,27.86280389,22.4961096,-3.276743699,-7.389962372
2000-09-18 00:00:00,29.18769314,24.52208373,-3.265955234,-9.057415798
2000-09-19 00:00:00,28.89186968,25.86506833,-1.899967264,-10.49847525
2000-09-20 00:00:00,30.08566448,25.21106528,-1.830199027,-10.06951412
2000-09-21 00:00:00,30.49219064,25.16762167,-2.118766559,-10.23499926
2000-09-22 00:00:00,30.73615226,26.00095345,-2.049221075,-9.746117921
2000-09-23 00:00:00,31.69777045,25.88472792,-1.463258718,-10.49604108
2000-09-24 00:00:00,30.54353012,24.86154685,-2.547090245,-10.65393004
2000-09-25 00:00:00,30.44124358,25.21575381,-2.862962541,-10.98966731
2000-09-26 00:00:00,31.66998528,24.01663995,-1.569088411,-10.09915984
2000-09-27 00:00:00,29.87370942,22.48765474,-3.503216707,-10.12890813
2000-09-28 00:00:00,31.13220915,23.35679865,-1.777526311,-10.45884951
2000-09-29 00:00:00,30.14917176,23.54801328,-2.754723467,-10.94235693
2000-09-30 00:00:00,30.67035992,23.83685336,-1.90631651,-11.65743002
2000-10-01 00:00:00,31.36537442,24.5940274,-1.159990765,-13.93232805
2000-10-02 00:00:00,31.2560731,24.92185087,-0.012902586,-14.54975685
2000-10-03 00:00:00,32.94642901,25.11656821,1.776871449,-16.23058826
2000-10-04 00:00:00,33.53668344,26.67411239,-0.144834829,-16.37548579
2000-10-05 00:00:00,32.7989473,27.19244376,-0.363654899,-15.85724001
2000-10-06 00:00:00,32.33209416,25.99324645,-2.480131298,-15.88138257
2000-10-07 00:00:00,32.16251859,25.6359293,-2.568706695,-16.96714837
2000-10-08 00:00:00,32.30451892,26.65713456,-0.016507319,-16.42158553
2000-10-09 00:00:00,30.56151305,29.21539549,1.232192297,-16.83208904
2000-10-10 00:00:00,31.01539982,31.54325536,0.463942002,-17.62024733
2000-10-11 00:00:00,30.88726571,31.84713013,1.206755708,-17.37204073
2000-10-12 00:00:00,30.91192205,33.39597106,1.456513899,-15.89408649
2000-10-13 00:00:00,32.5303999,33.08702263,1.03000681,-15.34199469
2000-10-14 00:00:00,33.9399635,32.55852535,1.192518979,-17.00266224
2000-10-15 00:00:00,34.16325634,30.69735022,0.58695136,-17.2564457
2000-10-16 00:00:00,32.75523158,31.28923575,2.16238502,-17.00925605
2000-10-17 00:00:00,31.36843066,29.94677468,3.023158756,-17.69022897
2000-10-18 00:00:00,31.52165196,28.48027419,2.080215106,-17.98016308
2000-10-19 00:00:00,31.16539336,29.07109735,1.228449532,-15.80754115
2000-10-20 00:00:00,30.0659315,30.52743648,1.009969448,-15.73984173
2000-10-21 00:00:00,27.8967578,31.26691188,0.491244202,-16.58815667
2000-10-22 00:00:00,26.36530804,30.63415335,0.731796927,-15.48180641
2000-10-23 00:00:00,25.64283167,30.35091413,0.669342612,-15.31771644
2000-10-24 00:00:00,26.17927798,29.95070934,1.036517541,-13.93226165
2000-10-25 00:00:00,26.38133683,30.86357595,1.10957129,-17.60388379
2000-10-26 00:00:00,25.65683048,31.77259158,0.989827824,-16.77906746
2000-10-27 00:00:00,25.85197993,31.63337376,1.634861774,-17.73511791
2000-10-28 00:00:00,25.45669492,31.76899904,1.994233309,-17.39836978
2000-10-29 00:00:00,25.95921818,30.12086521,2.801878973,-17.85227284
2000-10-30 00:00:00,26.00152137,30.08746499,2.588923335,-17.59281161
2000-10-31 00:00:00,27.94121894,31.91587869,2.133241397,-17.27032237
2000-11-01 00:00:00,28.59101359,31.70935417,0.779257873,-18.8876564
2000-11-02 00:00:00,27.06377573,33.10346227,2.150641533,-19.72503189
2000-11-03 00:00:00,26.4806237,33.32966834,2.885913719,-20.71467502
2000-11-04 00:00:00,25.31130506,32.5645616,0.64433966,-21.6326711
2000-11-05 00:00:00,24.56177978,33.7893278,0.217940589,-19.74783653
2000-11-06 00:00:00,23.72268618,35.25411896,0.513833681,-19.9749753
2000-11-07 00:00:00,24.1556121,33.51146458,-0.764426954,-20.22321155
2000-11-08 00:00:00,24.15623066,32.89402401,-1.897374036,-20.91439336
2000-11-09 00:00:00,23.85842194,34.7969859,-3.099869426,-19.6309848
2000-11-10 00:00:00,23.00198856,34.0835168,-2.550712059,-19.60729413
2000-11-11 00:00:00,22.79998158,35.21198861,-1.554939389,-18.84652423
2000-11-12 00:00:00,22.04671946,36.11586185,-2.004340305,-19.24146547
2000-11-13 00:00:00,22.69830357,37.14269839,-2.282485051,-18.08393955
2000-11-14 00:00:00,21.58622645,36.45917501,-0.720694532,-18.56951255
2000-11-15 00:00:00,21.2976026,37.35247059,0.060382062,-19.14082931
2000-11-16 00:00:00,21.51975023,36.77672422,-1.119482626,-19.02460304
2000-11-17 00:00:00,20.25417298,37.80319296,-3.378866338,-18.46732438
2000-11-18 00:00:00,19.1479193,36.84512689,-3.126008274,-19.30880813
2000-11-19 00:00:00,19.77511741,35.8900563,-1.216282753,-18.71026985
2000-11-20 00:00:00,19.82414771,36.62827728,-0.828099172,-17.85385837
2000-11-21 00:00:00,19.77754402,37.22544941,-0.620062413,-18.30323771
2000-11-22 00:00:00,18.97174518,35.99209639,-0.446031283,-16.10830626
2000-11-23 00:00:00,20.13569835,37.86302006,-0.514430859,-17.10678474
2000-11-24 00:00:00,20.52926567,37.19404181,-0.420619223,-17.86926573
2000-11-25 00:00:00,21.53499531,38.65242245,-2.079353894,-17.34070377
2000-11-26 00:00:00,20.1042635,39.02247326,-2.80574983,-16.8373737
2000-11-27 00:00:00,18.95722097,39.53962266,-5.195082587,-16.13763759
2000-11-28 00:00:00,19.62856052,39.06010644,-4.821133252,-15.99806229
2000-11-29 00:00:00,18.47751902,39.03809305,-3.315768288,-17.61437361
2000-11-30 00:00:00,18.5237449,40.37565017,-2.666661942,-17.90876357
2000-12-01 00:00:00,20.0426436,40.78547531,-2.245240239,-17.60404895
2000-12-02 00:00:00,17.65963985,40.37855089,-1.843451323,-16.13109482
2000-12-03 00:00:00,17.68236874,39.53538052,-0.866795086,-16.02850692
2000-12-04 00:00:00,17.90062938,39.85516406,-0.910626424,-15.03085675
2000-12-05 00:00:00,16.18640073,38.06793194,-0.104626924,-15.16496563
2000-12-06 00:00:00,18.2586229,37.20468156,-0.022941581,-15.86477235
2000-12-07 00:00:00,19.16293277,37.11177485,0.79809041,-16.76478576
2000-12-08 00:00:00,18.25881804,38.49438239,0.942133793,-16.60559194
2000-12-09 00:00:00,19.1510037,39.35854135,2.007817733,-16.06285927
2000-12-10 00:00:00,19.57458335,39.71947954,2.636393371,-13.80882498
2000-12-11 00:00:00,20.05740651,39.97340234,4.099525132,-14.78516279
2000-12-12 00:00:00,19.37121549,39.62582598,5.597262635,-14.24620078
2000-12-13 00:00:00,19.57387722,38.57641062,8.223194215,-15.88961449
2000-12-14 00:00:00,18.73238751,39.05864981,7.462548128,-14.57128407
2000-12-15 00:00:00,20.09842704,38.79049235,7.623749124,-15.11674527
2000-12-16 00:00:00,19.38213761,37.46541841,7.304655972,-15.68598309
2000-12-17 00:00:00,18.14240021,39.1444243,7.402602317,-15.29461216
2000-12-18 00:00:00,16.66082077,39.97375832,7.907054478,-15.01817687
2000-12-19 00:00:00,17.20087195,39.49980722,6.87315145,-15.41754278
2000-12-20 00:00:00,16.05589886,39.74247677,5.951627362,-13.26961092
2000-12-21 00:00:00,17.43749016,42.06599094,5.997669543,-12.1839326
2000-12-22 00:00:00,19.23021262,41.66496506,6.460535778,-12.20486466
2000-12-23 00:00:00,18.28655225,42.18918077,5.584661596,-13.2681814
2000-12-24 00:00:00,18.49539274,41.42260327,4.626111901,-12.28394327
2000-12-25 00:00:00,16.48973917,41.4250852,5.082654621,-12.87373391
2000-12-26 00:00:00,15.86493401,41.99614211,5.532002575,-13.13835386
2000-12-27 00:00:00,16.09362113,41.87026257,5.15089149,-12.85435224
2000-12-28 00:00:00,16.39113858,42.71275234,4.632829507,-13.02605003
2000-12-29 00:00:00,17.18609526,42.58553892,3.345841291,-13.37974901
2000-12-30 00:00:00,16.99353228,43.33908004,4.108366514,-13.70658495
2000-12-31 00:00:00,17.67526248,44.01873736,2.225281593,-13.67931655
2001-01-01 00:00:00,17.62517719,44.60246793,1.299910187,-12.33829526
2001-01-02 00:00:00,17.53623505,46.03045267,-0.329884149,-13.69568491
2001-01-03 00:00:00,17.50052749,46.52416084,-0.549117205,-13.19771695
2001-01-04 00:00:00,17.42746944,45.77163156,-2.178548043,-13.99659104
2001-01-05 00:00:00,18.36126439,45.84882668,-1.592221184,-13.31027618
2001-01-06 00:00:00,18.21610914,46.84942498,-2.211955192,-12.24176541
2001-01-07 00:00:00,18.32886875,48.3570014,-1.00382082,-12.909449
2001-01-08 00:00:00,19.227593,49.18623849,-0.882812643,-12.61848122
2001-01-09 00:00:00,19.10363524,50.29657916,0.953583643,-10.57253958
2001-01-10 00:00:00,18.71741457,49.98186939,2.277688071,-9.372870315
2001-01-11 00:00:00,18.17896306,51.5141102,3.951441039,-8.039153281
2001-01-12 00:00:00,16.77705401,50.83804504,3.876245738,-7.617178812
2001-01-13 00:00:00,15.52162551,51.33328133,5.367180119,-9.94818515
2001-01-14 00:00:00,15.1745761,50.26811312,4.882758892,-10.17323841
2001-01-15 00:00:00,14.72519872,51.01011192,5.935477577,-10.39059565
2001-01-16 00:00:00,15.63037861,51.15919753,4.783600434,-11.18857118
2001-01-17 00:00:00,17.16375714,51.32360948,6.029832541,-11.95265017
2001-01-18 00:00:00,15.72754073,51.27232831,5.92271607,-11.94177911
2001-01-19 00:00:00,15.87226439,50.52468994,6.77646702,-12.42235135
2001-01-20 00:00:00,15.58041023,51.45344082,7.498893707,-12.12152375
2001-01-21 00:00:00,15.53622822,51.92911275,7.695599651,-12.16540212
2001-01-22 00:00:00,13.91317092,51.93004644,7.668293328,-12.7063715
2001-01-23 00:00:00,15.14884555,51.85122166,6.294020476,-12.13948165
2001-01-24 00:00:00,16.05521659,50.97241378,7.001464941,-12.85879997
2001-01-25 00:00:00,16.92544241,50.67421157,6.699776127,-14.15557251
2001-01-26 00:00:00,17.57401474,52.44653189,5.634947628,-13.14896411
2001-01-27 00:00:00,17.57648305,52.57609191,4.526933811,-12.83940988
2001-01-28 00:00:00,18.90795391,51.48591244,4.894110566,-13.55996161
2001-01-29 00:00:00,18.9437828,50.69310283,3.736050022,-13.91817958
2001-01-30 00:00:00,17.67945261,51.33564374,3.782556892,-13.8896976
2001-01-31 00:00:00,19.21940533,50.5811699,2.891592728,-13.18395287
2001-02-01 00:00:00,20.19808889,50.3951976,3.636735228,-13.04629704
2001-02-02 00:00:00,21.33295859,50.52728413,3.100842462,-13.81266385
2001-02-03 00:00:00,20.23177991,50.89404079,3.870160995,-13.51616875
2001-02-04 00:00:00,20.88036604,51.21000137,2.461565248,-14.32965766
2001-02-05 00:00:00,20.72676324,50.80068664,2.599399004,-14.19336825
2001-02-06 00:00:00,22.48584646,49.44517174,2.426403304,-12.57773393
2001-02-07 00:00:00,21.9803928,48.66499051,2.30683942,-12.62999032
2001-02-08 00:00:00,20.94586102,47.14947862,1.516570216,-12.78254019
2001-02-09 00:00:00,22.26512476,46.84796358,0.417121944,-14.14946777
2001-02-10 00:00:00,21.6440221,47.14327675,0.383341709,-15.16711777
2001-02-11 00:00:00,22.08518225,46.77562894,-0.234072819,-13.66581685
2001-02-12 00:00:00,22.570266,46.90940102,-0.68771289,-12.49817381
2001-02-13 00:00:00,20.19351605,47.99600543,0.596625064,-12.73532066
2001-02-14 00:00:00,20.35416209,47.48218337,0.711272565,-11.80849191
2001-02-15 00:00:00,19.33643384,48.9312641,0.329393265,-11.0929624
2001-02-16 00:00:00,19.68764743,48.80348198,-0.492747232,-10.34690873
2001-02-17 00:00:00,19.07814373,49.20063873,-1.339383029,-10.27216236
2001-02-18 00:00:00,17.39116317,49.66132085,-1.529769132,-9.712397179
2001-02-19 00:00:00,17.75995589,49.1969685,-0.419916552,-9.442930383
2001-02-20 00:00:00,18.10135638,49.83369013,-1.192475051,-7.663366793
2001-02-21 00:00:00,18.00878804,50.20713248,-0.28876456,-6.93741923
2001-02-22 00:00:00,18.29454775,50.01388509,-1.065347254,-7.923846982
2001-02-23 00:00:00,17.6021889,50.53009883,-3.27958398,-7.649947171
2001-02-24 00:00:00,17.5900675,52.05585725,-4.225044278,-8.346369979
2001-02-25 00:00:00,16.16170774,54.51550262,-3.222935964,-7.652882456
2001-02-26 00:00:00,16.39629516,52.50418115,-2.267257282,-7.105540236
2001-02-27 00:00:00,16.02630838,53.44809359,-2.0682083,-6.148462837
2001-02-28 00:00:00,17.07673211,52.72354108,-2.418515847,-5.803288443
2001-03-01 00:00:00,17.25626278,52.92145406,-3.53599998,-5.834026228
2001-03-02 00:00:00,16.81797311,52.4662724,-2.80824784,-6.225192453
2001-03-03 00:00:00,17.82306574,53.22972804,-2.449236703,-6.195385742
2001-03-04 00:00:00,17.06121104,54.05879622,-2.824721811,-4.963303817
2001-03-05 00:00:00,15.62641504,54.17459942,-2.242848596,-4.760703283
2001-03-06 00:00:00,14.46816839,54.16074132,-4.059508943,-5.125800346
2001-03-07 00:00:00,15.83699145,53.22619946,-6.424012291,-6.043668485
2001-03-08 00:00:00,15.84882538,54.13852783,-5.323172473,-6.663362175
2001-03-09 00:00:00,15.43727837,54.76095714,-3.940059097,-4.578913837
2001-03-10 00:00:00,13.74886763,53.5237956,-3.285864833,-4.174537489
2001-03-11 00:00:00,13.26594521,52.9657391,-2.428233159,-4.200065702
2001-03-12 00:00:00,12.97469282,53.99480891,-2.233404283,-3.319505777
2001-03-13 00:00:00,13.37222621,53.41808189,-1.948640522,-4.642124692
2001-03-14 00:00:00,12.02498441,52.46399914,-2.407577827,-5.030517359
2001-03-15 00:00:00,11.16636256,53.37323168,-2.288121714,-3.804263232
2001-03-16 00:00:00,10.59072033,53.44388938,-2.032036305,-5.163501748
2001-03-17 00:00:00,11.85780184,52.72337747,-3.814265453,-4.689912495
2001-03-18 00:00:00,12.08983516,51.29866286,-5.108995588,-5.192531842
2001-03-19 00:00:00,10.88445735,51.96268518,-6.181009046,-7.176666423
2001-03-20 00:00:00,9.673778973,49.28002362,-6.779906405,-7.233513892
2001-03-21 00:00:00,11.23283008,50.4157385,-7.669199786,-5.238585364
2001-03-22 00:00:00,11.27017114,50.1640784,-7.788110948,-7.000758311
2001-03-23 00:00:00,11.51908608,49.88110858,-8.525186919,-7.826681684
2001-03-24 00:00:00,10.695632,49.40918191,-8.008448793,-7.511250013
2001-03-25 00:00:00,11.72137545,51.92691958,-7.158751661,-7.413057206
2001-03-26 00:00:00,12.04290732,50.66626968,-5.847021829,-7.93605695
2001-03-27 00:00:00,11.72535379,49.80863641,-6.239119535,-7.742817621
2001-03-28 00:00:00,11.3888563,48.04422437,-6.743639642,-7.216955708
2001-03-29 00:00:00,11.02084433,45.83217134,-8.840712907,-7.799076028
2001-03-30 00:00:00,11.87623181,47.12704532,-9.211412142,-9.526045584
2001-03-31 00:00:00,11.87758848,46.50870149,-10.41710037,-9.710514132
2001-04-01 00:00:00,12.38214837,46.40327306,-10.00849921,-10.60246998
2001-04-02 00:00:00,11.38491026,44.75174986,-10.87593533,-11.60589035
2001-04-03 00:00:00,11.53415572,45.04942093,-10.8953874,-11.6449303
2001-04-04 00:00:00,10.80304517,47.04640015,-10.6291362,-11.74161035
2001-04-05 00:00:00,9.853956301,46.1172962,-10.19977897,-12.21069783
2001-04-06 00:00:00,8.759451008,47.80235974,-11.13270105,-10.80522535
2001-04-07 00:00:00,8.505127494,48.88023936,-13.15105867,-10.93965103
2001-04-08 00:00:00,7.127332531,47.31421185,-12.70512744,-12.38349232
2001-04-09 00:00:00,6.992583183,45.81274381,-13.3032422,-11.11036254
2001-04-10 00:00:00,6.803432974,47.87253795,-12.83921576,-10.59162436
2001-04-11 00:00:00,7.288844703,48.64180592,-12.45250278,-10.62536694
2001-04-12 00:00:00,7.745513408,47.38584235,-11.51087725,-9.654146716
2001-04-13 00:00:00,8.757919794,47.60916022,-11.30141263,-9.371699059
2001-04-14 00:00:00,9.556947659,47.75589326,-11.19097265,-11.99625915
2001-04-15 00:00:00,8.756962887,48.86134965,-11.82654445,-10.89756888
2001-04-16 00:00:00,9.151765021,47.62005421,-13.69754047,-12.46103803
2001-04-17 00:00:00,9.213695178,45.56849573,-13.41771592,-14.25562886
2001-04-18 00:00:00,8.321698874,46.77712101,-13.173659,-15.51566456
2001-04-19 00:00:00,8.498805176,46.95462475,-14.27351887,-16.36629641
2001-04-20 00:00:00,6.924870909,48.38162677,-14.09802472,-15.7496067
2001-04-21 00:00:00,4.906083384,48.20200207,-13.83775085,-15.61459495
2001-04-22 00:00:00,3.184106089,50.15418436,-15.31279667,-15.8596837
2001-04-23 00:00:00,4.018130694,50.21792745,-14.74097992,-17.15951656
2001-04-24 00:00:00,2.125636835,49.440802,-15.16295825,-15.98251412
2001-04-25 00:00:00,2.030397254,48.11900656,-15.87272528,-14.31115746
2001-04-26 00:00:00,0.240106261,50.73170768,-14.72339963,-16.50488816
2001-04-27 00:00:00,-0.010911448,50.77499909,-13.26037174,-16.67075134
2001-04-28 00:00:00,0.029336663,52.87635209,-13.66585958,-17.51087065
2001-04-29 00:00:00,0.935915588,54.20773102,-12.66072714,-17.48596741
2001-04-30 00:00:00,1.024199059,55.33785303,-11.93108596,-17.72279731
2001-05-01 00:00:00,1.502970252,57.10464734,-11.03027362,-18.34728284
2001-05-02 00:00:00,1.618324582,55.80743329,-10.1038695,-16.80669065
2001-05-03 00:00:00,1.536936428,53.98854871,-10.73636785,-16.54965928
2001-05-04 00:00:00,2.016818409,51.6833865,-12.36552314,-17.96476734
2001-05-05 00:00:00,2.46944477,52.20038303,-13.0035729,-18.0905673
2001-05-06 00:00:00,2.711671264,50.59096679,-14.48550693,-18.67382505
2001-05-07 00:00:00,2.613783027,53.27834625,-14.80250843,-18.48989763
2001-05-08 00:00:00,2.75370947,52.00431443,-15.74182308,-18.40054823
2001-05-09 00:00:00,2.356570536,51.04028208,-15.42928227,-19.28234893
2001-05-10 00:00:00,3.064032143,52.77302793,-16.54480395,-18.98493984
2001-05-11 00:00:00,4.928362662,54.67470836,-17.64558185,-18.89472322
2001-05-12 00:00:00,4.077267705,57.64084869,-16.80750319,-19.60609467
2001-05-13 00:00:00,4.259741059,56.99634932,-17.48440341,-19.57595839
2001-05-14 00:00:00,2.1965323,58.08904535,-15.71934595,-20.16013671
2001-05-15 00:00:00,0.946359635,57.80433671,-14.85050947,-18.17368831
2001-05-16 00:00:00,1.10305552,57.4195916,-14.19896992,-18.85191642
2001-05-17 00:00:00,1.154564267,58.0539249,-12.91842039,-18.08743071
2001-05-18 00:00:00,2.180037347,57.72646713,-14.4336973,-18.42427582
2001-05-19 00:00:00,2.814340271,57.77194065,-14.89385966,-17.34620119
2001-05-20 00:00:00,3.034776285,56.47744147,-14.36948039,-15.484488
2001-05-21 00:00:00,2.74403939,56.2790982,-13.80765687,-16.65300828
2001-05-22 00:00:00,3.607869046,56.05335631,-13.11822328,-17.24783399
2001-05-23 00:00:00,3.070586554,56.21074194,-13.28924504,-17.24020776
2001-05-24 00:00:00,2.856192497,56.38320107,-12.97355747,-16.62688843
2001-05-25 00:00:00,4.160597294,55.49571597,-15.01208431,-16.67478826
2001-05-26 00:00:00,5.068542881,54.72821851,-14.85195073,-17.47068391
2001-05-27 00:00:00,4.877805962,54.68549364,-14.28531239,-17.6770489
2001-05-28 00:00:00,5.042902044,54.17774547,-15.62254095,-17.31608505
2001-05-29 00:00:00,7.410899661,53.87410538,-15.13621271,-16.87252887
2001-05-30 00:00:00,7.437569816,55.52121318,-14.86362267,-16.16885105
2001-05-31 00:00:00,7.497348003,55.09324187,-13.76489544,-15.62586196
2001-06-01 00:00:00,7.408500283,54.13754824,-14.84557561,-16.63939308
2001-06-02 00:00:00,5.328131239,55.27582984,-16.70724376,-17.68113412
2001-06-03 00:00:00,5.027406656,55.81831187,-14.21040085,-16.41463746
2001-06-04 00:00:00,4.586836008,56.06316727,-12.70366071,-17.04817759
2001-06-05 00:00:00,5.413722197,57.02951417,-12.33408167,-18.40450925
2001-06-06 00:00:00,5.651130117,54.72861903,-13.86175905,-19.15918209
2001-06-07 00:00:00,3.586265088,56.02196579,-14.50679451,-19.54788993
2001-06-08 00:00:00,3.214314387,55.78197814,-13.41519178,-20.67958584
2001-06-09 00:00:00,2.531127983,54.08842129,-11.5949174,-20.72082511
2001-06-10 00:00:00,1.313750761,53.22619455,-10.41603552,-20.76165652
2001-06-11 00:00:00,2.036587595,51.98806482,-10.82711369,-19.57734522
2001-06-12 00:00:00,2.347629322,52.67010122,-10.80869338,-18.34355986
2001-06-13 00:00:00,1.141759737,51.80923597,-11.98670324,-18.71425796
2001-06-14 00:00:00,1.696165496,50.84119168,-11.28034517,-18.105207
2001-06-15 00:00:00,0.438207701,49.00525634,-10.21609622,-19.05261353
2001-06-16 00:00:00,0.65709366,48.71279785,-11.15311687,-18.97083733
2001-06-17 00:00:00,0.788263244,49.15287646,-11.46155886,-20.21246133
2001-06-18 00:00:00,-0.064516716,51.47923525,-9.703223564,-21.97671791
2001-06-19 00:00:00,-0.470956538,48.47060018,-10.37289064,-23.16036741
2001-06-20 00:00:00,-1.419193144,49.02856889,-10.09208965,-23.41188047
2001-06-21 00:00:00,-0.710940808,48.97776218,-9.036868793,-23.9327125
2001-06-22 00:00:00,0.725950151,48.34531576,-10.62341443,-25.16616099
2001-06-23 00:00:00,0.026418694,46.795504,-11.20816304,-24.87274234
2001-06-24 00:00:00,-0.517218677,46.09736517,-9.731033858,-24.46875814
2001-06-25 00:00:00,-0.25778271,47.82356307,-8.919792933,-24.30845135
2001-06-26 00:00:00,1.189076429,48.95896017,-9.166411403,-23.37417539
2001-06-27 00:00:00,2.227203128,49.39842749,-7.549865298,-22.80463793
2001-06-28 00:00:00,2.759728726,50.4217713,-7.534303576,-23.32555891
2001-06-29 00:00:00,2.40038027,48.59549049,-6.860674355,-25.45297885
2001-06-30 00:00:00,2.59540088,50.87748751,-6.813786114,-25.74821632
2001-07-01 00:00:00,2.896744886,52.59963064,-6.038557178,-26.24691394
2001-07-02 00:00:00,2.39244042,53.08748871,-6.340955022,-26.53426435
2001-07-03 00:00:00,2.080413206,52.86941996,-5.75476339,-27.12090468
2001-07-04 00:00:00,4.180473189,54.09388191,-4.438933573,-27.46709794
2001-07-05 00:00:00,4.204140821,54.5845731,-5.130944226,-27.41977991
2001-07-06 00:00:00,4.26036272,54.24880095,-4.678935825,-27.41902171
2001-07-07 00:00:00,4.24719398,54.39541413,-6.149422763,-26.59785383
2001-07-08 00:00:00,5.224129722,55.57567853,-8.214958178,-26.36771885
2001-07-09 00:00:00,5.220235421,55.79060017,-8.804395791,-25.90042371
2001-07-10 00:00:00,6.125766828,54.74090695,-9.083559325,-26.80779103
2001-07-11 00:00:00,5.204732828,53.72631519,-7.640934548,-26.42844695
2001-07-12 00:00:00,5.675831978,55.2241562,-8.241219547,-26.5154875
2001-07-13 00:00:00,6.173306319,54.30504209,-9.899208882,-25.65232207
2001-07-14 00:00:00,5.652331533,54.489346,-8.936324744,-25.30303513
2001-07-15 00:00:00,4.456755715,54.17002976,-8.264995567,-24.6476235
2001-07-16 00:00:00,5.195739471,55.02306791,-9.187778925,-24.9127419
2001-07-17 00:00:00,4.205770853,56.27473727,-8.855266798,-25.02179854
2001-07-18 00:00:00,2.648926036,55.52005441,-8.962846346,-25.75761256
2001-07-19 00:00:00,2.190886012,56.57753813,-7.733735492,-24.87751928
2001-07-20 00:00:00,3.307852051,55.22017866,-8.449286664,-25.2728742
2001-07-21 00:00:00,3.323410201,54.81948194,-9.261224287,-24.40838141
2001-07-22 00:00:00,2.825453486,57.12358973,-10.04716253,-24.9338217
2001-07-23 00:00:00,1.397749403,57.54298288,-11.04886961,-24.397639
2001-07-24 00:00:00,2.102391959,59.00525696,-10.1369591,-24.19139535
2001-07-25 00:00:00,1.813127536,57.46940487,-11.14768871,-23.35900439
2001-07-26 00:00:00,0.788858633,56.84431826,-11.24145289,-23.84563499
2001-07-27 00:00:00,1.235274688,56.90580697,-11.53786378,-24.0464863
2001-07-28 00:00:00,1.340948822,56.9298111,-11.6517969,-25.33726178
2001-07-29 00:00:00,2.879603963,55.97062993,-10.55033651,-24.60385307
2001-07-30 00:00:00,2.760009958,58.23075678,-10.63140904,-24.93868367
2001-07-31 00:00:00,4.606626772,57.13557832,-11.26420154,-26.70348884
2001-08-01 00:00:00,5.436652512,56.8959847,-11.04347824,-26.74386167
2001-08-02 00:00:00,4.044052277,58.22177566,-10.04338266,-28.78332143
2001-08-03 00:00:00,3.054983181,58.967255,-9.343002437,-30.31927001
2001-08-04 00:00:00,3.08978122,59.49350887,-8.944579844,-30.67285049
2001-08-05 00:00:00,3.201408493,58.90163041,-9.501812032,-31.01679627
2001-08-06 00:00:00,4.434148004,58.70745056,-10.24944563,-30.40734551
2001-08-07 00:00:00,3.409914171,58.33874402,-9.854820837,-29.66316291
2001-08-08 00:00:00,4.27835267,57.79048179,-12.40403723,-30.02334398
2001-08-09 00:00:00,3.654595255,57.54163704,-12.53904601,-30.81843536
2001-08-10 00:00:00,3.601865061,58.11896047,-11.31202669,-30.31060895
2001-08-11 00:00:00,3.283259115,57.5709926,-10.81711008,-29.93593229
2001-08-12 00:00:00,2.580172597,56.447747,-9.93125664,-29.30479918
2001-08-13 00:00:00,3.156527587,55.27439604,-9.521292607,-29.22460892
2001-08-14 00:00:00,2.606832209,55.86352256,-10.84826075,-27.24126674
2001-08-15 00:00:00,4.074608674,56.06699816,-10.15212806,-28.02766747
2001-08-16 00:00:00,4.209642345,55.4090707,-10.3162312,-28.54633361
2001-08-17 00:00:00,3.634267829,55.09206161,-10.84219689,-28.27499803
2001-08-18 00:00:00,2.111783168,54.47654571,-11.47674995,-25.5587891
2001-08-19 00:00:00,3.080016414,54.83706461,-10.75489606,-24.95586075
2001-08-20 00:00:00,3.170024346,54.86214327,-10.21028624,-26.24224543
2001-08-21 00:00:00,3.831479163,53.63791335,-10.60626246,-25.77255544
2001-08-22 00:00:00,4.421868381,54.86340374,-8.060220256,-25.52676731
2001-08-23 00:00:00,6.876589427,54.75206474,-6.923148046,-26.33540286
2001-08-24 00:00:00,6.615073767,54.36402581,-7.399226647,-27.62425851
2001-08-25 00:00:00,6.381833929,53.68024191,-7.405059891,-26.92084762
2001-08-26 00:00:00,5.465594832,56.4529403,-7.657208152,-26.85102718
2001-08-27 00:00:00,6.754036051,55.44876906,-7.913795908,-26.8730034
2001-08-28 00:00:00,6.668657669,55.87538092,-7.34436797,-27.71769851
2001-08-29 00:00:00,7.62694399,54.8878421,-5.789849457,-28.62067949
2001-08-30 00:00:00,8.491529576,55.52631541,-4.049001138,-27.6108533
2001-08-31 00:00:00,7.088870643,54.86432092,-4.077299203,-27.90544251
2001-09-01 00:00:00,5.805659865,55.63926399,-3.030006628,-28.35412422
2001-09-02 00:00:00,7.348704882,55.45371611,-2.841502002,-28.91756437
2001-09-03 00:00:00,7.94457174,55.81891318,-2.150429706,-29.10713366
2001-09-04 00:00:00,8.302896876,56.18928696,-1.029938148,-29.37787001
2001-09-05 00:00:00,7.287966005,55.87401551,-2.503228885,-28.77826798
2001-09-06 00:00:00,7.199201036,57.85255013,-3.391815848,-27.67816091
2001-09-07 00:00:00,6.02529244,57.66184842,-4.333238447,-27.87421573
2001-09-08 00:00:00,6.242828866,57.65511626,-4.798950298,-26.52951408
2001-09-09 00:00:00,6.646149182,58.50810874,-6.777556572,-25.86177086
2001-09-10 00:00:00,6.371051436,59.67387119,-6.13370902,-26.40376329
2001-09-11 00:00:00,6.437177995,59.60489344,-5.097300453,-25.17258574
2001-09-12 00:00:00,6.823804362,59.13573649,-6.37935335,-24.20085356
2001-09-13 00:00:00,7.749794966,58.62680909,-6.219199948,-24.05705682
2001-09-14 00:00:00,5.593792978,58.44938741,-5.319095542,-23.37479293
2001-09-15 00:00:00,5.634666152,58.20636605,-5.02041168,-22.6713633
2001-09-16 00:00:00,5.227311649,59.56804159,-4.865830117,-20.04199819
2001-09-17 00:00:00,5.840830958,60.28092167,-6.309626144,-19.3568032
2001-09-18 00:00:00,5.532469925,59.23865298,-5.443476549,-20.50460693
2001-09-19 00:00:00,3.694425165,60.31778251,-5.024836337,-20.51217278
2001-09-20 00:00:00,5.42497721,61.17736859,-5.692879693,-21.38136157
2001-09-21 00:00:00,5.8273297,61.27755291,-4.885822494,-20.71947998
2001-09-22 00:00:00,4.863605542,61.11240358,-4.876403001,-21.46602584
2001-09-23 00:00:00,3.68108662,62.32628884,-2.974625153,-23.28104331
2001-09-24 00:00:00,4.558846205,62.18713802,-3.407079845,-22.45187359
2001-09-25 00:00:00,5.218034846,62.98766663,-3.107256292,-22.08047364
2001-09-26 00:00:00,6.139134099,62.84091995,-3.983219903,-23.41151142
2001-09-27 00:00:00,5.16065883,62.1614366,-3.093188857,-22.73985358
2001-09-28 00:00:00,6.576609208,63.93970711,-3.484824326,-24.32387013
2001-09-29 00:00:00,6.530587482,64.5849638,-3.470660832,-24.73854045
2001-09-30 00:00:00,5.572245122,66.56173178,-2.349090544,-25.2193338
2001-10-01 00:00:00,4.647999175,67.33003608,-2.851310057,-23.90787406
2001-10-02 00:00:00,4.302367549,66.28399932,-4.472709866,-23.50690353
2001-10-03 00:00:00,4.103879535,66.7404114,-1.301904718,-23.77963406
2001-10-04 00:00:00,5.269624552,67.29372342,-1.8412321,-21.05580304
2001-10-05 00:00:00,5.565805795,67.65716328,-2.151602737,-19.94562003
2001-10-06 00:00:00,6.170300712,67.83787512,-0.642128881,-18.61939555
2001-10-07 00:00:00,4.622587481,68.24969223,-1.094286595,-18.41260362
2001-10-08 00:00:00,3.48728617,68.25034372,-2.778119376,-18.68385269
2001-10-09 00:00:00,3.332556786,66.96318652,-1.576739436,-19.60908086
2001-10-10 00:00:00,3.04714491,66.91441084,-2.458280322,-19.44925316
2001-10-11 00:00:00,2.134930836,66.71258993,-2.266813362,-20.26210937
2001-10-12 00:00:00,2.690666728,66.07288706,-2.508914712,-21.63747306
2001-10-13 00:00:00,3.604229642,65.79589107,-3.02166743,-22.25589838
2001-10-14 00:00:00,5.061776616,63.89127176,-1.808203113,-20.74336314
2001-10-15 00:00:00,4.093883067,64.52684644,-1.556934365,-19.992087
2001-10-16 00:00:00,2.549857265,63.32610542,-1.01725776,-21.04221623
2001-10-17 00:00:00,1.952253463,63.1448348,-0.565863063,-20.4469753
2001-10-18 00:00:00,2.191873647,62.22438766,-0.892714878,-19.47005741
2001-10-19 00:00:00,3.065025487,61.0865856,-1.542491488,-17.30985286
2001-10-20 00:00:00,1.379598241,60.93192027,-4.303017511,-17.87179367
2001-10-21 00:00:00,1.130774986,60.89298661,-3.198946935,-18.71301093
2001-10-22 00:00:00,1.024991266,60.84286362,-2.930035681,-17.29565321
2001-10-23 00:00:00,3.22266897,61.1399627,-3.245367753,-16.535629
2001-10-24 00:00:00,3.788107931,62.98110289,-3.230919933,-18.09312148
2001-10-25 00:00:00,4.778289249,65.25601106,-1.599412325,-15.93502955
2001-10-26 00:00:00,5.629406539,64.24124369,-2.181000951,-13.61153799
2001-10-27 00:00:00,5.567996282,62.93519916,-1.566279797,-15.18936891
2001-10-28 00:00:00,5.459808783,63.88337066,-2.632557729,-13.2854017
2001-10-29 00:00:00,5.285912195,65.55527708,-1.23447718,-13.24476928
2001-10-30 00:00:00,6.431695604,67.302175,-1.19508422,-12.50475285
2001-10-31 00:00:00,7.677413266,67.25982319,-1.629890612,-11.62352627
2001-11-01 00:00:00,8.212599957,68.8836302,-2.860135141,-12.1877805
2001-11-02 00:00:00,9.105707961,68.66182855,-1.683015309,-10.40611347
2001-11-03 00:00:00,8.022349957,68.33399242,-1.726057483,-11.74024077
2001-11-04 00:00:00,8.347841319,68.40121148,-1.875021267,-10.44266832
2001-11-05 00:00:00,8.906741308,67.33325518,-0.055794935,-11.19957973
2001-11-06 00:00:00,7.33810549,66.60824148,-2.406011433,-11.75558221
2001-11-07 00:00:00,7.748068401,66.08005678,-2.743680934,-12.56295274
2001-11-08 00:00:00,7.834898961,65.80964286,-2.273270994,-11.77148111
2001-11-09 00:00:00,9.038800924,67.37775739,-3.218584332,-11.89161191
2001-11-10 00:00:00,10.51666764,65.80142712,-3.246144357,-13.03305576
2001-11-11 00:00:00,10.20711514,65.74581102,-2.446948222,-11.15422444
2001-11-12 00:00:00,9.410200997,67.10580012,-3.484595655,-11.50058432
2001-11-13 00:00:00,10.07928237,66.731797,-3.060543477,-12.0279228
2001-11-14 00:00:00,11.62106465,67.02930628,-2.229389626,-12.62085124
2001-11-15 00:00:00,10.98083978,68.57369873,-1.874072083,-13.92570194
2001-11-16 00:00:00,10.65167545,68.23226737,-2.953950731,-15.32084421
2001-11-17 00:00:00,11.76219713,69.02681035,-3.025220952,-16.22888747
2001-11-18 00:00:00,11.95483845,67.59868043,-3.762267093,-16.5987076
2001-11-19 00:00:00,11.94067831,69.4811365,-4.295011806,-17.74745878
2001-11-20 00:00:00,14.4962236,70.6842079,-4.681999241,-18.56192416
2001-11-21 00:00:00,14.46096136,69.0371673,-5.382919754,-17.14692243
2001-11-22 00:00:00,14.17582855,68.72094061,-6.382925097,-18.8261648
2001-11-23 00:00:00,13.87414919,69.04153848,-7.60063612,-18.71324656
2001-11-24 00:00:00,14.53481803,70.22448108,-6.463435208,-17.65990711
2001-11-25 00:00:00,15.67596558,68.57916515,-7.13222315,-19.21200475
2001-11-26 00:00:00,15.61112446,68.41518815,-7.363564634,-18.79069489
2001-11-27 00:00:00,16.07006155,70.57244622,-7.221635302,-20.85247402
2001-11-28 00:00:00,14.01466245,68.88930346,-6.645615728,-20.62108516
2001-11-29 00:00:00,15.41934325,68.34915147,-3.74443421,-20.81249345
2001-11-30 00:00:00,14.59936719,71.1335134,-5.658052313,-20.69534878
2001-12-01 00:00:00,13.89733117,73.75234645,-4.798766432,-22.00871209
2001-12-02 00:00:00,13.27572957,74.79050261,-3.37837109,-21.56725843
2001-12-03 00:00:00,13.45481594,74.6860366,-3.367596025,-21.06024018
2001-12-04 00:00:00,14.2855719,73.0422757,-3.113210861,-23.02987688
2001-12-05 00:00:00,13.9139818,72.81402774,-3.273424217,-24.48949521
2001-12-06 00:00:00,14.37802351,72.53156109,-3.411177071,-25.64687244
2001-12-07 00:00:00,15.39854571,72.25943029,-2.377740097,-25.15108245
2001-12-08 00:00:00,14.46734778,71.9073973,-2.433535794,-22.97267187
2001-12-09 00:00:00,14.55386425,71.75524099,-1.692238152,-22.51469864
2001-12-10 00:00:00,13.85200709,70.31935307,-4.053925267,-22.9865424
2001-12-11 00:00:00,13.7849271,69.57426596,-6.138257785,-23.78753297
2001-12-12 00:00:00,15.35504077,69.74931315,-7.079350134,-22.76678366
2001-12-13 00:00:00,14.27004115,69.8431856,-8.086588841,-23.41264599
2001-12-14 00:00:00,13.336467,71.1985001,-9.297257416,-25.18015464
2001-12-15 00:00:00,13.1571251,71.61441477,-8.642455989,-25.38880402
2001-12-16 00:00:00,13.5669462,72.10926835,-6.630680481,-26.04635452
2001-12-17 00:00:00,14.90233843,73.00320016,-7.002903844,-26.41879595
2001-12-18 00:00:00,14.27305556,72.52393191,-5.355093404,-27.96017649
2001-12-19 00:00:00,14.1327246,74.95209763,-4.594002525,-26.44618607
2001-12-20 00:00:00,15.00238063,76.64071726,-4.303718672,-24.05191659
2001-12-21 00:00:00,15.30443552,76.864241,-5.639605024,-25.14284403
2001-12-22 00:00:00,14.56205222,76.05075388,-5.753971891,-25.99503651
2001-12-23 00:00:00,13.2293361,77.22498077,-5.862747876,-25.16758742
2001-12-24 00:00:00,14.94262701,78.08067374,-7.802449532,-25.63053208
2001-12-25 00:00:00,14.8519871,77.62807104,-7.19429972,-24.22317995
2001-12-26 00:00:00,14.5508473,77.24235103,-8.721766218,-24.42647771
2001-12-27 00:00:00,14.1088417,78.22711412,-9.135802909,-23.73232132
2001-12-28 00:00:00,14.66796072,77.29506319,-9.021422811,-23.30800585
2001-12-29 00:00:00,14.66874759,75.63533428,-7.110256065,-24.07444257
2001-12-30 00:00:00,15.0621804,75.97490219,-6.743639392,-23.86064102
2001-12-31 00:00:00,15.75492594,76.32139493,-7.122723241,-24.96549715
2002-01-01 00:00:00,15.48490404,75.91228142,-6.848219658,-24.01002693
2002-01-02 00:00:00,16.26791874,75.9237754,-6.476858932,-24.55097696
2002-01-03 00:00:00,14.56939841,77.51805176,-5.68297953,-24.52393738
2002-01-04 00:00:00,14.73604007,77.22646319,-6.652589927,-24.18397843
2002-01-05 00:00:00,15.52072221,77.81096653,-7.564272233,-23.85610874
2002-01-06 00:00:00,14.75456734,78.16749304,-7.88801169,-25.14878817
2002-01-07 00:00:00,15.3603018,77.95370064,-7.667597985,-25.57477316
2002-01-08 00:00:00,15.41503463,78.24517089,-8.221020357,-26.95611642
2002-01-09 00:00:00,16.74858449,77.28090929,-8.957438108,-27.42125267
2002-01-10 00:00:00,16.87451481,75.04305652,-10.77165151,-28.52581769
2002-01-11 00:00:00,16.49397332,76.95537083,-10.90850168,-29.10991681
2002-01-12 00:00:00,16.61983104,77.42961007,-10.64481468,-28.93072946
2002-01-13 00:00:00,16.05314345,78.62610864,-9.419465538,-29.85788043
2002-01-14 00:00:00,15.25492825,80.23282396,-9.896343622,-29.38591248
2002-01-15 00:00:00,14.97299124,79.86183046,-9.488809589,-29.39307247
2002-01-16 00:00:00,14.82988041,78.8603423,-8.513709893,-30.63180258
2002-01-17 00:00:00,15.80033767,81.84169582,-9.826093212,-30.1634065
2002-01-18 00:00:00,16.30859488,82.24297971,-10.96583667,-28.17561436
2002-01-19 00:00:00,14.34896849,81.95099373,-11.35990897,-27.7799257
2002-01-20 00:00:00,15.96205184,80.75154997,-9.231558372,-29.0329455
2002-01-21 00:00:00,16.98598993,82.56470437,-9.717080643,-29.67114071
2002-01-22 00:00:00,16.83825089,83.92256196,-11.06281651,-28.71866314
2002-01-23 00:00:00,17.8483949,83.06723954,-12.49093297,-28.29861694
2002-01-24 00:00:00,19.52893199,82.57258552,-13.89748836,-26.55101659
2002-01-25 00:00:00,19.77102783,82.58687902,-13.00654425,-27.76465978
2002-01-26 00:00:00,20.06126983,81.84028726,-15.31505957,-28.66993589
2002-01-27 00:00:00,20.43944058,82.53847613,-15.65260657,-29.54795515
2002-01-28 00:00:00,21.34293706,83.52238763,-15.31112751,-26.84608224
2002-01-29 00:00:00,21.25120807,83.97215842,-15.38825078,-27.07941658
2002-01-30 00:00:00,19.22936208,82.24786355,-14.80821612,-29.62156274
2002-01-31 00:00:00,21.13165852,82.64302263,-15.53836074,-28.7574795
2002-02-01 00:00:00,21.0331666,81.842672,-16.4657331,-30.35140172
2002-02-02 00:00:00,20.48264783,82.05831773,-16.68720156,-29.14771234
2002-02-03 00:00:00,20.7429405,82.53541863,-16.05595199,-30.48350859
2002-02-04 00:00:00,20.09210272,83.0471379,-15.9744328,-30.24023412
2002-02-05 00:00:00,22.20995129,80.77902431,-15.64804849,-29.32538917
2002-02-06 00:00:00,22.62234275,80.03500376,-15.26594274,-27.65126758
2002-02-07 00:00:00,22.69222393,80.36041327,-14.16337194,-26.774215
2002-02-08 00:00:00,25.39526245,79.8691394,-12.56004126,-24.15181806
2002-02-09 00:00:00,26.23342399,78.93701347,-10.97006515,-22.57635083
2002-02-10 00:00:00,27.20045143,78.67371691,-11.40945584,-21.92986854
2002-02-11 00:00:00,27.08721352,78.45927671,-10.38903789,-22.32321769
2002-02-12 00:00:00,25.81389867,79.41410039,-9.401405792,-22.1727737
2002-02-13 00:00:00,23.20387503,79.53108675,-8.980619511,-22.92209754
2002-02-14 00:00:00,23.13216519,80.31229605,-10.40213605,-23.23357926
2002-02-15 00:00:00,24.07326269,81.70026375,-10.29970347,-22.16912701
2002-02-16 00:00:00,23.74253349,81.65341935,-9.194497269,-21.99783348
2002-02-17 00:00:00,23.00662331,80.97664915,-9.168823461,-21.72783725
2002-02-18 00:00:00,23.22515412,80.03265498,-8.813817746,-21.80081347
2002-02-19 00:00:00,23.11989525,78.40085927,-7.913824051,-21.65560704
2002-02-20 00:00:00,23.00604907,78.94829336,-8.29838715,-21.64266196
2002-02-21 00:00:00,22.70190213,79.87309898,-7.483558292,-20.75881189
2002-02-22 00:00:00,22.67332905,80.29744079,-5.127749101,-21.36406727
2002-02-23 00:00:00,22.64617661,78.5259526,-6.999276816,-21.39240902
2002-02-24 00:00:00,22.31404108,77.42046874,-7.180718711,-20.34292696
2002-02-25 00:00:00,21.91277311,77.24301981,-6.701844046,-22.53732019
2002-02-26 00:00:00,21.95705712,78.94346974,-7.311651182,-22.26856651
2002-02-27 00:00:00,22.43529146,78.67238479,-7.604064369,-22.00551369
2002-02-28 00:00:00,20.26704914,78.95541674,-7.863401822,-21.50885315
2002-03-01 00:00:00,19.36612241,79.70514889,-7.347489409,-22.00934423
2002-03-02 00:00:00,19.21263259,81.11061349,-6.911106223,-21.94577663
2002-03-03 00:00:00,18.85730351,81.87408907,-7.723478246,-22.1026531
2002-03-04 00:00:00,18.56357344,81.08032789,-8.330588267,-22.41355132
2002-03-05 00:00:00,18.95065246,83.01285682,-7.684884846,-20.93041794
2002-03-06 00:00:00,18.89056034,82.53436005,-7.445881496,-21.29578189
2002-03-07 00:00:00,17.57391085,80.05463799,-7.818320788,-20.66479321
2002-03-08 00:00:00,19.65646046,80.69011112,-6.584332369,-21.84400927
2002-03-09 00:00:00,18.80711724,81.40368411,-4.469657188,-22.54906423
2002-03-10 00:00:00,19.38061843,81.54453112,-3.451069436,-22.01648615
2002-03-11 00:00:00,19.62303577,79.77970241,-3.490409601,-21.89300403
2002-03-12 00:00:00,18.03425309,79.82594188,-3.151915348,-22.25203234
2002-03-13 00:00:00,17.45443578,79.64815762,-2.258497564,-21.30269841
2002-03-14 00:00:00,18.45297902,78.53496963,-1.700354453,-20.63349663
2002-03-15 00:00:00,18.38420709,78.22735501,-0.878842097,-20.51061156
2002-03-16 00:00:00,20.07369922,76.68055431,-0.813100593,-18.75308923
2002-03-17 00:00:00,20.97999831,76.24633836,1.236785712,-19.27781794
2002-03-18 00:00:00,21.49872486,76.41920977,1.512114028,-20.34133955
2002-03-19 00:00:00,21.29081325,76.73598636,1.666340539,-19.70100044
2002-03-20 00:00:00,21.1048932,77.77913734,2.611206416,-17.87285233
2002-03-21 00:00:00,21.56117261,77.1398201,4.310565897,-16.405191
2002-03-22 00:00:00,20.12882076,76.70825191,5.466470158,-17.61925425
2002-03-23 00:00:00,20.27252893,75.58298987,5.141338837,-17.60981221
2002-03-24 00:00:00,20.80418842,74.75311646,4.78667025,-16.85473846
2002-03-25 00:00:00,20.2954003,73.58077097,5.361722498,-14.92021319
2002-03-26 00:00:00,21.72640921,73.26892928,4.508012954,-13.58314873
2002-03-27 00:00:00,21.23337546,72.56498442,4.497430038,-14.9996544
2002-03-28 00:00:00,20.11229593,72.1382455,4.991729478,-14.8090026
2002-03-29 00:00:00,19.34889071,73.95667645,5.615881356,-15.07178757
2002-03-30 00:00:00,19.24604489,73.78286792,5.217077256,-15.65391413
2002-03-31 00:00:00,19.76840857,75.59426548,5.242355632,-16.66871614
2002-04-01 00:00:00,20.02536917,75.47079575,5.624952399,-16.90935703
2002-04-02 00:00:00,21.5100618,76.55529221,6.149527187,-16.07075953
2002-04-03 00:00:00,21.75071566,75.97800949,6.738099923,-16.94651478
2002-04-04 00:00:00,21.49651847,74.95178413,8.297688915,-17.58783503
2002-04-05 00:00:00,21.15453749,74.92762826,7.688920926,-17.21653866
2002-04-06 00:00:00,22.16748869,73.56660562,7.596878359,-16.8367576
2002-04-07 00:00:00,21.49850351,72.67337257,7.734537098,-16.35990324
2002-04-08 00:00:00,21.62818804,71.38827184,8.388640971,-17.5050876
2002-04-09 00:00:00,21.52859272,71.99316037,7.351927001,-17.12812564
2002-04-10 00:00:00,23.0902199,71.77199783,8.46294578,-16.97394848
2002-04-11 00:00:00,22.98107971,70.79196003,8.337769321,-15.74323726
2002-04-12 00:00:00,23.79518315,71.14266804,7.725324938,-17.08549379
2002-04-13 00:00:00,25.22481503,70.25148176,7.234292934,-16.93810552
2002-04-14 00:00:00,25.07417163,69.44841149,6.007596725,-18.5091637
2002-04-15 00:00:00,25.23313145,70.82039213,6.067603697,-19.11135527
2002-04-16 00:00:00,26.71190574,70.40284374,7.293168623,-20.52102628
2002-04-17 00:00:00,29.78401785,69.45926434,7.085242728,-21.50685942
2002-04-18 00:00:00,28.52441379,67.97228096,5.763351932,-20.33158974
2002-04-19 00:00:00,29.96663,66.88675552,4.992502472,-21.07344733
2002-04-20 00:00:00,30.1849533,66.56566889,5.444175119,-20.58612112
2002-04-21 00:00:00,31.28826325,66.20506845,5.034139373,-21.27753532
2002-04-22 00:00:00,31.96319953,66.43239936,6.405088746,-19.82616322
2002-04-23 00:00:00,30.5064142,64.40576984,5.163024474,-20.31392371
2002-04-24 00:00:00,30.84462198,64.00234674,4.823306366,-20.15047708
2002-04-25 00:00:00,31.68173373,63.8812732,4.875649939,-19.96679404
2002-04-26 00:00:00,30.77306968,63.40769155,3.160294562,-20.54039871
2002-04-27 00:00:00,30.34362169,65.05081509,4.65123562,-21.00729792
2002-04-28 00:00:00,31.08390973,66.54011878,6.320008189,-20.13159782
2002-04-29 00:00:00,31.56305719,67.64684168,7.046552369,-20.74302361
2002-04-30 00:00:00,31.2950492,67.95316813,7.703891327,-19.69903033
2002-05-01 00:00:00,31.65487762,67.5516191,5.878929077,-18.80387387
2002-05-02 00:00:00,31.25820991,68.52296153,5.265355167,-19.37029966
2002-05-03 00:00:00,31.32270982,67.66348366,5.396654292,-19.16526971
2002-05-04 00:00:00,31.93893701,67.23867462,6.841444058,-19.27655797
2002-05-05 00:00:00,32.30153367,66.76260699,6.502651084,-20.57607164
2002-05-06 00:00:00,30.17610486,67.95717829,6.873789069,-21.21261484
2002-05-07 00:00:00,30.82050058,68.52227012,6.949701751,-22.24733498
2002-05-08 00:00:00,32.76809738,67.20123917,7.942202414,-22.53388251
2002-05-09 00:00:00,32.91933476,69.86422967,7.231134982,-23.30942021
2002-05-10 00:00:00,33.99450765,70.25687182,9.787763165,-24.02474452
2002-05-11 00:00:00,33.13462271,70.52992192,10.0326117,-23.12521494
2002-05-12 00:00:00,32.709284,72.24283325,9.094331317,-21.7142006
2002-05-13 00:00:00,32.50744785,72.83553678,8.369506193,-20.05715044
2002-05-14 00:00:00,33.30058734,71.36618238,7.424027888,-20.69890884
2002-05-15 00:00:00,31.51637213,70.41181217,5.840312671,-19.18869083
2002-05-16 00:00:00,32.02478724,72.16713189,6.270065313,-19.34975904
2002-05-17 00:00:00,32.53959013,72.90298956,6.52622474,-17.8405793
2002-05-18 00:00:00,31.58654787,72.1285689,6.438965865,-18.95412233
2002-05-19 00:00:00,32.73146494,72.81679953,6.065261445,-21.59857279
2002-05-20 00:00:00,32.36058521,71.55953625,5.998698631,-20.43279275
2002-05-21 00:00:00,33.1411644,71.54314031,6.119095511,-21.50370556
2002-05-22 00:00:00,32.70785615,70.73900329,6.236086207,-19.91024385
2002-05-23 00:00:00,32.37863214,70.00232447,7.984745545,-19.72277989
2002-05-24 00:00:00,31.68624791,69.75355888,7.293547781,-21.35998521
2002-05-25 00:00:00,32.88249403,69.99153501,8.660641978,-21.88132815
2002-05-26 00:00:00,33.01442051,70.00933701,10.21865275,-20.23915348
2002-05-27 00:00:00,34.16868346,69.91674305,9.610089144,-21.36645665
2002-05-28 00:00:00,34.72578046,70.95645719,9.509045529,-20.82245326
2002-05-29 00:00:00,33.84015264,69.06001262,10.25550986,-19.22061428
2002-05-30 00:00:00,33.20832673,67.49819362,9.801919638,-19.29479717
2002-05-31 00:00:00,30.92791252,66.64976044,9.317336972,-21.14234947
2002-06-01 00:00:00,32.21407627,65.84390833,9.917982928,-22.33524634
2002-06-02 00:00:00,32.27989067,67.00561531,9.621958626,-21.42551347
2002-06-03 00:00:00,30.88685541,65.72045353,9.367547125,-20.06490822
2002-06-04 00:00:00,29.65500222,66.44841138,8.325499844,-20.05489055
2002-06-05 00:00:00,30.22310214,66.92345741,8.631094116,-20.34353641
2002-06-06 00:00:00,29.83155369,66.198052,9.421162184,-20.14592163
2002-06-07 00:00:00,30.12746657,65.1552264,8.592606716,-19.70652199
2002-06-08 00:00:00,30.97012076,65.18332931,9.697581562,-20.07906639
2002-06-09 00:00:00,31.90829282,65.32447449,8.794569739,-21.82413808
2002-06-10 00:00:00,31.7494451,64.91512706,7.720854253,-21.77651418
2002-06-11 00:00:00,33.64919168,64.36356501,6.700874024,-20.56736025
2002-06-12 00:00:00,34.12887979,64.61857077,7.242268491,-19.6463491
2002-06-13 00:00:00,34.25678859,63.950427,6.92008178,-19.08880942
2002-06-14 00:00:00,35.51651209,63.40133803,5.61544856,-16.96646598
2002-06-15 00:00:00,35.92941685,62.99853085,3.286555364,-15.40382501
2002-06-16 00:00:00,36.64287467,64.27614888,2.095731262,-17.43793562
2002-06-17 00:00:00,36.79975871,61.59781967,2.631789159,-17.78927531
2002-06-18 00:00:00,37.75457942,62.31820954,2.205363298,-16.12350453
2002-06-19 00:00:00,38.24399606,63.57648315,2.431413848,-15.81414408
2002-06-20 00:00:00,39.78583834,64.81384812,2.262831646,-14.49132266
2002-06-21 00:00:00,38.92376515,65.15952018,1.04251746,-15.07718851
2002-06-22 00:00:00,39.09998717,64.62157198,1.245709613,-15.88256706
2002-06-23 00:00:00,38.85780819,64.27963596,2.742448395,-16.61636094
2002-06-24 00:00:00,38.08044533,65.46950713,1.908963215,-15.61868525
2002-06-25 00:00:00,38.51668951,66.47908435,3.061157391,-15.69965802
2002-06-26 00:00:00,38.42637201,66.5550092,4.173759032,-13.65008636
2002-06-27 00:00:00,39.67639564,66.72531719,2.868011351,-11.52392165
2002-06-28 00:00:00,41.10129747,66.86533722,2.552555508,-11.83367513
2002-06-29 00:00:00,40.29589372,65.75050407,2.383410881,-11.97500811
2002-06-30 00:00:00,42.00640382,63.48709299,2.455183488,-11.00506219
2002-07-01 00:00:00,42.09730558,62.35944095,3.769570922,-10.11037431
2002-07-02 00:00:00,43.53039261,63.6209998,4.694003636,-9.881373933
2002-07-03 00:00:00,44.3003821,62.76365936,4.597967485,-11.30311759
2002-07-04 00:00:00,45.74621458,63.65379844,5.802221677,-12.8393804
2002-07-05 00:00:00,46.93766011,64.3280292,6.270823169,-13.88833294
2002-07-06 00:00:00,46.04307514,64.42063106,5.445312818,-14.94018792
2002-07-07 00:00:00,46.40345548,63.24081217,4.570643389,-15.41567503
2002-07-08 00:00:00,46.58508558,63.78432444,4.292359762,-16.43862431
2002-07-09 00:00:00,47.07179198,64.83142782,4.967651783,-16.93150752
2002-07-10 00:00:00,45.47983891,65.10958126,5.788136113,-15.76454782
2002-07-11 00:00:00,46.80233604,66.14924518,5.53115795,-16.03147678
2002-07-12 00:00:00,48.08556014,65.89242611,4.648679925,-15.56793659
2002-07-13 00:00:00,48.42195097,65.16590674,5.529769416,-17.7772329
2002-07-14 00:00:00,48.61032143,64.67913723,5.327854566,-16.4962836
2002-07-15 00:00:00,47.91277913,63.71406916,5.431962292,-15.96868016
2002-07-16 00:00:00,49.03995817,63.96052394,5.254807669,-15.29161151
2002-07-17 00:00:00,49.30979104,63.25394629,5.513311588,-15.99057683
2002-07-18 00:00:00,47.57752543,62.54821072,5.279223826,-16.78615993
2002-07-19 00:00:00,48.1071855,62.4813258,5.709388079,-16.92053267
2002-07-20 00:00:00,47.94243776,61.91578222,5.879583231,-15.97279283
2002-07-21 00:00:00,49.13492582,60.36728402,8.174086222,-16.11768236
2002-07-22 00:00:00,50.04961489,61.3268588,8.534118606,-15.81092607
2002-07-23 00:00:00,49.67589046,61.93115234,9.294269752,-15.82304242
2002-07-24 00:00:00,49.30997151,62.53180546,7.891367246,-16.05201195
2002-07-25 00:00:00,47.93525464,61.50322474,9.98349754,-15.33040586
2002-07-26 00:00:00,49.67445386,61.6430565,10.55576598,-14.21489815
2002-07-27 00:00:00,49.80404949,62.42579954,10.6904025,-13.16674335
2002-07-28 00:00:00,51.94935004,62.47561852,10.22149152,-12.14160458
2002-07-29 00:00:00,52.91269967,63.79958174,11.37151646,-13.44124414
2002-07-30 00:00:00,50.75359287,64.14565281,11.80969809,-13.05310763
2002-07-31 00:00:00,51.62634835,64.79385172,9.383778296,-12.88949405
2002-08-01 00:00:00,51.64865131,63.56165755,10.70328472,-13.40180374
2002-08-02 00:00:00,51.61601881,63.48439817,10.98329139,-14.52525956
2002-08-03 00:00:00,51.86785261,63.90589371,10.27230214,-14.04736354
2002-08-04 00:00:00,51.39781935,63.93213383,12.93351564,-13.41779525
2002-08-05 00:00:00,51.74037915,63.27673096,13.49895691,-13.90647267
2002-08-06 00:00:00,51.41659207,63.2519056,12.40392286,-12.50416669
2002-08-07 00:00:00,50.85358462,62.3914289,11.53163609,-13.0639606
2002-08-08 00:00:00,51.17856129,62.82720214,10.03336459,-13.40714512
2002-08-09 00:00:00,51.13900274,63.03120958,11.2901975,-13.97555389
2002-08-10 00:00:00,51.78193339,63.39688413,12.18947708,-12.71074337
2002-08-11 00:00:00,52.46188417,64.47547656,12.27288746,-13.60929995
2002-08-12 00:00:00,51.74737701,63.77439665,12.54490886,-13.15846449
2002-08-13 00:00:00,50.67642772,63.93666687,13.36824137,-13.04499431
2002-08-14 00:00:00,51.90416361,62.78103907,13.57530472,-11.75364912
2002-08-15 00:00:00,51.47637038,63.55613422,13.56254675,-12.19574237
2002-08-16 00:00:00,52.51971139,62.46960105,12.76504296,-12.35576078
2002-08-17 00:00:00,53.03385206,61.86667079,12.43057076,-10.81883849
2002-08-18 00:00:00,51.91283039,61.654246,13.25094441,-11.15956869
2002-08-19 00:00:00,51.24764367,59.47345272,12.82581455,-10.74995666
2002-08-20 00:00:00,50.78043827,57.39300524,13.80219048,-10.38611733
2002-08-21 00:00:00,51.0424376,58.03556098,13.78908897,-8.396310112
2002-08-22 00:00:00,49.18567921,57.4733124,14.64201319,-8.858129227
2002-08-23 00:00:00,49.35104796,60.44684423,15.67610877,-9.925183159
2002-08-24 00:00:00,49.72310948,60.51160396,15.04781006,-9.45331147
2002-08-25 00:00:00,51.9989016,60.70973697,15.14152917,-10.68992171
2002-08-26 00:00:00,52.14196693,61.24222683,14.85818302,-10.15011005
2002-08-27 00:00:00,51.09857797,62.23990603,16.13576949,-11.26005835
2002-08-28 00:00:00,50.35491842,62.81893046,15.46653462,-11.36370929
2002-08-29 00:00:00,49.93463089,63.57150165,17.27471967,-11.36862648
2002-08-30 00:00:00,51.48797,64.766842,15.91927597,-11.35966269
2002-08-31 00:00:00,50.2850245,63.92224306,14.94574017,-10.48495016
2002-09-01 00:00:00,51.07316158,65.22985873,16.002614,-10.09685587
2002-09-02 00:00:00,52.14332445,65.60601184,17.91207744,-9.896140175
2002-09-03 00:00:00,51.55255201,64.53051087,19.42980803,-10.61875532
2002-09-04 00:00:00,52.2022925,64.65095652,19.38977062,-10.22754551
2002-09-05 00:00:00,53.29566464,62.68104154,19.66218895,-10.36912247
2002-09-06 00:00:00,52.481422,60.76288199,18.60773086,-11.24783888
2002-09-07 00:00:00,52.93527171,60.22343621,17.98632174,-10.05057756
2002-09-08 00:00:00,53.19982844,60.89959172,18.77369985,-10.30397721
2002-09-09 00:00:00,52.22704279,60.74315766,19.49732301,-9.393576136
2002-09-10 00:00:00,52.0412228,60.87692844,18.22246379,-8.760579925
2002-09-11 00:00:00,51.76650716,61.86474737,16.49207986,-9.937264758
2002-09-12 00:00:00,51.68399362,61.33531106,16.2026921,-9.921930369
2002-09-13 00:00:00,53.38495579,60.58017567,14.4943996,-10.06105689
2002-09-14 00:00:00,52.65234414,60.71222959,14.84384998,-9.872531397
2002-09-15 00:00:00,52.07139694,60.22163963,15.43756066,-9.871933854
2002-09-16 00:00:00,52.75587548,59.58464879,14.11834901,-10.81216474
2002-09-17 00:00:00,54.15645014,60.0221268,14.1775815,-10.10091656
2002-09-18 00:00:00,55.29835502,59.14463145,13.36495247,-10.30834791
2002-09-19 00:00:00,53.85991675,59.84481511,13.52024769,-9.503383095
2002-09-20 00:00:00,52.87788206,57.95041547,14.0741374,-10.34247103
2002-09-21 00:00:00,51.69197809,57.2601599,13.44188692,-7.294897785
2002-09-22 00:00:00,52.00377858,58.6826264,12.18485398,-6.926004928
2002-09-23 00:00:00,52.81108354,57.06887516,14.42352837,-6.759867445
2002-09-24 00:00:00,52.55098655,56.25807778,13.96947536,-6.621879306
2002-09-25 00:00:00,51.28284474,55.36139965,13.58032535,-5.638608262
2002-09-26 00:00:00,51.8744062,54.59487263,12.93616524,-5.658514794
